Mã cửa hàng,Khu vực,so_luong_thuc,so_luong_du_bao,MAE,WAPE,WAPE_MA7
HN007,Khác - Online,6891.0,1999.5075290339455,8.096281630307269,0.8012863259134461,0.8077409457470406
HN002,KVHN2,3996.0,1729.8670618674905,3.914589038508424,0.6377371031203664,0.43958243958243953
SG007,Khác - Online,3036.0,1166.9995182618795,3.6969289227970266,0.7549723096621069,0.6817240730284209
HN006,KVHN1,2215.0,1310.9716547543717,1.9943915013574065,0.47451210890083667,0.37033215091905836
HN003,KVHN2,1833.0,984.7701032627114,1.781729153573749,0.6026579788410935,0.6261398176291794
HN026,KVHN1,1798.0,1199.9821136056614,1.323881705182292,0.47933647946255403,0.4701255363101859
HN009,KVHN1,1762.0,1217.6891404676865,1.5766671551969114,0.4993077597048107,0.47616345062429055
HN001,KVHN2,1569.0,1051.9034725247175,1.4001027217880082,0.4979332815536702,0.5059637621779114
HN004,KVHN3,1488.0,1079.3755485872996,1.026683186502384,0.44917389409479297,0.458621351766513
HN027,KVHN3,1317.0,933.7103319357196,1.0902308088222017,0.4875823435051457,0.5157826228441262
HN013,KVHN3,1089.0,754.2975748034276,1.0456286837392643,0.5060113097617928,0.4906204906204907
HN011,KVHN1,1065.0,782.5117848314832,0.9420584849213186,0.49358557238131057,0.5561368209255533
HN005,KVHN2,1042.0,731.9366320299848,0.7853872415395401,0.4906785933226877,0.5182341650671785
HN020,KVHN1,1028.0,642.4269746937192,0.9793246970447813,0.5906432997740899,0.6732907170650361
HN023,KVHN3,1011.0,674.7159566918556,0.8237286540996392,0.4798973068889095,0.48805991239225655
HP001,KVMB2,962.0,650.4099815552834,0.8128456932123149,0.5238714446898495,0.5732105732105732
HN018,KVHN1,946.0,638.6102480149891,0.8205143492091825,0.4839820368485453,0.5122319540924192
HN017,KVHN1,935.0,645.2869521886399,0.840197503791828,0.5014226814073155,0.5417876241405652
HN025,KVHN2,886.0,588.3775042234902,0.8310959453244042,0.523421599876995,0.5567558851983231
SG008,KVMN2,879.0,626.1987713752501,0.7571032364719025,0.48061843680468896,0.5008938729075247
HN021,KVHN1,870.0,557.0376918536017,0.9223247282079143,0.5586955537535298,0.5729064039408868
HN012,KVHN2,869.0,592.262470928768,0.8100716832846279,0.5201611038812686,0.5572908104553674
MDN001,KVMTR2,866.0,541.0814145672977,0.8364050704272595,0.568871346976508,0.568954140547674
HN019,KVHN3,851.0,596.4577172654635,0.7545646450771363,0.5222544958289463,0.5517878126573779
HN034,KVHN3,812.0,510.51328815534157,0.8253081905570964,0.5986533549730662,0.6048557353976073
HN010,KVHN3,679.0,450.8344149762953,0.6627463837097837,0.5446428307953746,0.5556490637492111
SG009,KVMN3,651.0,373.4148889968366,0.773652506137784,0.6999713150770427,0.7465437788018433
HP002,KVMB2,645.0,421.6940069811892,0.7703327248373653,0.6294036371927,0.6841638981173864
MNA001,KVMTR1,644.0,404.80436569135566,0.6996450163109786,0.6062141600955374,0.634871339840284
BDU001,KVMN1,622.0,358.3896737829895,0.665971716933861,0.6306388123376916,0.7218649517684887
HN015,KVHN1,599.0,380.27034725407844,0.7490431234521221,0.5814775499252701,0.6289053183877892
BDI001,KVMTR3,595.0,383.46266554303475,0.5974111567490504,0.5602612192705381,0.5959183673469387
SG003,KVHCM2,590.0,344.6674835170609,0.7438819893602103,0.6644505226997134,0.7484261501210654
TH001,KVMTR1,570.0,318.375079056363,0.6188440744896854,0.6058157781846394,0.6553884711779449
MHU001,KVMTR2,565.0,366.0566752728366,0.5736557039415668,0.5665484651316713,0.5752212389380531
NT001,KVMTR3,561.0,351.49839224316247,0.6649103483826929,0.661354678070486,0.7000254647313471
SG001,KVHCM1,549.0,346.2751218676074,0.7163169574351895,0.6876120884669306,0.7496747332812906
HN035,KVHN1,532.0,360.9771267118773,0.602043904401163,0.5963855970289715,0.6345327604726101
BN002,KVMB1,523.0,330.72122799564477,0.700901011206415,0.5816272253605815,0.5981972138759901
HN031,KVHN3,521.0,332.7375886621364,0.6162351762769774,0.6233319345450424,0.6388812722785852
HN033,KVHN2,497.0,320.4117644735177,0.5496223594322174,0.6513633193271148,0.7973555619430871
HN032,KVHN2,492.0,305.7360523806059,0.5905358461927226,0.5953369506333138,0.624274099883856
TN001,KVMB1,480.0,304.3467070270791,0.5445410478217935,0.6330289680928349,0.6955357142857143
HN024,KVHN2,462.0,292.29138798992483,0.5355133391419882,0.6467888381844793,0.7427334570191713
TQU001,KVMB1,461.0,308.56760486502344,0.5696455709502714,0.6512000344702668,0.7843198016733808
HN014,KVHN2,461.0,291.2147224916414,0.49781066874919905,0.6025560806118287,0.7114967462039046
SG004,KVHCM1,449.0,273.49582297864686,0.56365771193919,0.7004922121649622,0.7655106586064271
HN022,KVHN3,438.0,302.9423573322504,0.43485538279440006,0.5232164080654083,0.6373124592302674
SG014,KVHCM2,437.0,227.81633327310286,0.620702997811031,0.748536567154264,0.8192219679633868
HN016,KVHN1,433.0,281.5734642310518,0.5581948153729783,0.6793733665163039,0.7753216760145166
BGI001,KVMB1,423.0,259.5474772974942,0.48023897216090394,0.6335067292335329,0.7007767646065519
ND001,KVMB2,411.0,262.569876241086,0.5446403086138889,0.6983587412153758,0.7250608272506083
MDN002,KVMTR2,407.0,239.54488763068719,0.5365530322337614,0.6130151351073686,0.6988416988416989
VT001,KVMN1,401.0,227.43349192054794,0.5054493733474403,0.664268877192272,0.7769861061631634
LLA001,KVMN2,390.0,234.89866482618305,0.43380993632440484,0.5861995806229778,0.6446886446886446
HDU001,KVMB2,377.0,245.37617765727757,0.562107822285583,0.6470949466099284,0.7468738158393332
SG012,KVHCM1,373.0,202.17227479687867,0.4356364915644972,0.6879085617466189,0.7893527384144007
HNA001,KVMTR1,372.0,217.0293980585668,0.5393884307430077,0.7191845743240103,0.8248847926267282
TH002,KVMTR1,358.0,231.27657821088098,0.45682308084054857,0.6724742000082936,0.8020750199521148
DLA002,KVMTR3,351.0,218.52677040188553,0.44611970180418775,0.6304141655124704,0.7521367521367521
SG005,KVHCM1,351.0,195.43850309832092,0.43946505572859695,0.7762630614009405,0.8689458689458689
NBI001,KVMTR1,350.0,195.52001801990477,0.47079381786991786,0.6671820961813693,0.7751020408163265
BDU002,KVMN1,348.0,196.73298197389357,0.40550109870772916,0.7224444862034255,0.8337438423645321
MQB001,KVMTR1,346.0,201.667106391216,0.49402044093773945,0.7081911523269329,0.8092485549132948
NTH001,KVMTR3,345.0,220.17931138478846,0.4667971053140187,0.6711054035818935,0.7755693581780538
VPH001,KVMB1,345.0,215.50516095880857,0.46755001720513034,0.6721878508224483,0.746583850931677
HYE001,KVHN2,323.0,207.22006387176677,0.4002468423848189,0.6914481054202134,0.8009730207872623
QNG001,KVMTR2,322.0,199.84736845039697,0.4173302815640686,0.6830219204480253,0.7635314995563444
HN029,KVHN3,315.0,204.88822810580496,0.38117283182367384,0.6377081980034163,0.819047619047619
BDI002,KVMTR3,310.0,174.90585598549606,0.41539389900733553,0.7061696283124704,0.8327188940092165
MDN003,KVMTR2,309.0,173.56014914418392,0.44335190548629744,0.7561373922047856,0.8700878409616273
VPH002,KVMB1,305.0,185.31483071266325,0.40228895026761474,0.6951025468558458,0.8065573770491803
BN001,KVMB1,304.0,208.66205026528675,0.4123437190457244,0.6307231228824403,0.7283834586466166
MHT001,KVMTR1,303.0,192.96658875376028,0.3977239915322039,0.6510597353134427,0.7967939651107968
HBI001,KVMB1,299.0,190.01680332808579,0.38105195639683004,0.7506341214639896,0.8987099856665074
SG020,KVHCM1,298.0,174.0954963698652,0.41497786572843837,0.7338702524794867,0.8964525407478426
SG006,KVHCM2,294.0,170.9929382612905,0.4023413084121125,0.7212036378679704,0.8736637512147717
TNI001,KVMN3,294.0,178.94788121171564,0.4306639820524862,0.8627928075813414,0.9863945578231292
SG022,KVHCM1,291.0,161.95937884475654,0.4302634796188193,0.7333700546080218,0.8100147275405007
HN030,Khác - Dịch vụ sửa chữa,290.0,174.5726060114506,0.45503547280517875,0.6809841213705089,0.8625615763546799
BT001,KVMN3,289.0,181.67150371269827,0.4069265159528169,0.6983929131923778,0.8264953040039544
SG021,KVHCM2,282.0,151.90576807523246,0.4967928492585054,0.8191796982454079,0.9599797365754813
DTH001,KVMN2,282.0,177.91714250973536,0.4657574042043752,0.6656036662920681,0.7715298885511652
MNA002,KVMTR1,280.0,175.06687815609865,0.4204659082252784,0.7448253231419217,0.9112244897959183
PT001,KVMB1,279.0,183.6761538925806,0.36051455751409506,0.7210291150281901,0.7972350230414748
BN003,KVMB1,279.0,187.26771093070715,0.3860849775228119,0.7292716242097558,0.8842805939580133
LD001,KVMTR3,276.0,153.47530144702608,0.44444251229730153,0.7487890152834972,0.8405797101449275
NT002,KVMTR3,275.0,165.59392746543338,0.42181364522138376,0.7607984291992957,0.9215584415584416
BP001,KVMN1,272.0,170.45889983151451,0.3815684466426534,0.6958012850542503,0.8319327731092435
TBI001,KVMB2,263.0,178.97333641175317,0.35433126904433526,0.7100098052713486,0.8370450841933733
SG002,KVHCM2,257.0,142.81332285467752,0.4842146477773332,0.9345154291733745,1.1561978877153976
TGI001,KVMN2,252.0,172.5146025781976,0.3324211250680423,0.6542891985466228,0.7261904761904762
KGI001,KVMN2,249.0,175.7573452347943,0.4104299511081266,0.715367866590068,0.8749282845668389
PY001,KVMTR3,248.0,162.9701836557097,0.40425836747314664,0.7074521430780066,0.8415898617511521
AGI001,KVMN2,243.0,169.52662648530674,0.48841770944086166,0.6853927527544602,0.7454438565549677
SG016,KVHCM2,242.0,137.9038937823216,0.3524420548058415,0.7675081110854483,0.9090909090909091
STR001,KVMN2,242.0,165.3396119312373,0.45743005804657866,0.7617533611271537,0.9002361275088548
DNA002,KVMN3,241.0,136.28737070314332,0.328703961042357,0.7610656027453743,0.8962655601659751
YBA001,KVMB1,241.0,163.71353657308742,0.3580065247855491,0.7368101091022089,0.9021932424422051
QN004,KVMB2,236.0,150.1408700062238,0.4125289940479903,0.758633828037406,0.8989104116222761
SG010,KVHCM1,236.0,138.05515458225295,0.3996446886276648,0.7874355093723056,0.9443099273607748
SG018,KVHCM2,234.0,134.15991814463243,0.3891939813160211,0.7733982962049138,0.901098901098901
SG019,KVHCM1,230.0,137.42315431712254,0.3412124572365882,0.7818215867986174,0.9409937888198757
DBI001,KVMB1,230.0,168.6416304644319,0.42355515106582153,0.9134058909941195,1.150310559006211
DNA005,KVMN3,224.0,127.11082766285266,0.34467982808363895,0.7632196193280577,0.9419642857142857
SG013,KVHCM1,222.0,144.8298659246539,0.29033507844059253,0.7703034288356262,0.9749034749034748
VT002,KVMN1,221.0,139.2465731554531,0.36880342797145327,0.7242565056090983,0.8539107950872658
BLI001,KVMN2,219.0,140.4039789099353,0.3431347376098632,0.6800021740761671,0.7795172863666014
HP003,KVMB2,218.0,119.76427252567447,0.3023257952489484,0.773843090591345,0.8958060288335518
BDU003,KVMN1,214.0,115.40543909806878,0.33723403110781547,0.8304781981019568,0.9979973297730307
LCA001,KVMB1,213.0,132.8009539367402,0.27497742624064947,0.6803432095249872,0.8088531187122736
SG011,KVHCM2,208.0,115.52919550920069,0.34765157226253895,0.7772018322215414,0.9429945054945055
BDU004,KVMN1,199.0,104.5757701566737,0.27818405252758516,0.8667040832517728,1.1198851399856424
HP004,KVMB2,182.0,117.1770659079298,0.3138151284524347,0.8017804106064953,0.9693877551020409
QNA001,KVMTR2,181.0,120.72049025203845,0.3131199964030335,0.8044243001514397,0.9384372533543803
QTR001,KVMTR2,173.0,93.22738397808935,0.28787132279270966,0.8769259370621848,1.010734929810074
DNA004,KVMN3,163.0,73.56085422913202,0.29594921833814275,0.9005571306485817,1.0622261174408416
SG017,KVHCM2,160.0,89.757144087752,0.34349083198111596,0.7986161843560946,0.9035714285714285
DNA003,KVMN3,160.0,104.3412548630548,0.24326794731841694,0.8483969662729791,1.05625
CMA001,KVMN2,157.0,98.87580200666113,0.35771003905708876,0.8475677358550129,0.9645131938125572
GLA001,KVMTR3,144.0,69.46757065816448,0.341704370641995,0.8827362908251537,1.068452380952381
QN002,KVMB2,141.0,39.90911289963662,0.3293431894249482,0.8689054359296505,0.9848024316109423
VLO001,KVMN2,139.0,75.86702967210273,0.2802766476728477,0.8751083819425604,0.9958890030832478
VT003,KVMN1,138.0,71.11279904568836,0.22646581853680284,0.8139641014076392,0.9223602484472049
SLA001,KVMB1,136.0,69.48525574218561,0.2921942825385468,0.9324435192774213,1.092436974789916
QN003,KVMB2,132.0,87.69158494665457,0.30984382965028767,0.8731962471962652,0.9880952380952382
HN028,Khác - Dịch vụ sửa chữa,121.0,83.9926018774515,0.7120730024710417,0.7297277050116461,0.7532467532467533
DLA001,KVMTR3,119.0,41.378123460572176,0.23654462369341844,1.047554762070853,1.247298919567827
DNO001,KVMTR3,107.0,56.62135288242144,0.2981623041616128,0.8638347129915885,0.9412550066755675
QN001,KVMB2,70.0,22.815402649645783,0.18705095530476518,0.9940422196196091,1.3959183673469389
