Ngày,so_luong,du_bao,tb_7
2025-03-01,2381.0,781.6919103526649,2250.4285714285716
2025-03-02,2626.0,1586.040427484271,2163.0
2025-03-03,2692.0,1552.075223543991,2181.714285714286
2025-03-04,2168.0,1508.1717867351258,2265.5714285714284
2025-03-05,2433.0,1511.801895510165,2286.285714285714
2025-03-06,2441.0,1544.3167542529213,2308.0
2025-03-07,2824.0,1586.8411061091958,2384.714285714286
2025-03-08,4446.0,1693.4878572192615,2509.285714285714
2025-03-09,2720.0,1848.5549230906272,2804.285714285714
2025-03-10,2676.0,1700.800568785434,2817.714285714286
2025-03-11,2849.0,1583.283879105878,2815.4285714285716
2025-03-12,2067.0,1601.414542145128,2912.714285714286
2025-03-13,2315.0,1517.3204396514852,2860.4285714285716
2025-03-14,2433.0,1525.210539746239,2842.4285714285716
2025-03-15,2687.0,1557.7516652439115,2786.5714285714284
2025-03-16,2540.0,1560.1339031295586,2535.285714285714
2025-03-17,2223.0,1482.132956549847,2509.5714285714284
2025-03-18,2054.0,1417.810018231966,2444.8571428571427
2025-03-19,2057.0,1422.0111598882659,2331.285714285714
2025-03-20,2021.0,1418.5282146380562,2329.8571428571427
2025-03-21,2329.0,1418.9478964774228,2287.8571428571427
2025-03-22,2346.0,1438.2034789891538,2273.0
2025-03-23,2228.0,1391.7593431586822,2224.285714285714
2025-03-24,2077.0,1323.2517993945849,2179.714285714286
2025-03-25,2074.0,1233.90600552106,2158.8571428571427
2025-03-26,1950.0,1202.9076262354763,2161.714285714286
2025-03-27,2018.0,1024.37245139925,2146.4285714285716
2025-03-28,1884.0,938.552572932453,2146.0
2025-03-29,1834.0,950.8622689880249,2082.4285714285716
2025-03-30,2189.0,919.5589651958329,2009.2857142857142
2025-03-31,2614.0,896.0650013387548,2003.7142857142856
