id,loss_function,learning_rate,l2_leaf_reg,depth,so_vong,MAE,RMSE,WAPE,R2,Bias,giây
4,MAE,0.05,3,6,52,0.7452155917572082,8.513122692373209,0.6590043336282284,0.11554310134549506,-0.2508592877675564,10.5
5,MAE,0.03,1,6,263,0.7472446083655091,8.386328589315912,0.6607986207481759,0.14169303238608877,-0.15615629133933684,23.7
3,MAE,0.1,10,4,27,0.7695248574182854,8.689308598807964,0.680501349518885,0.07855518338910494,-0.2925144788141999,6.5
10,Tweedie:variance_power=1.5,0.05,3,6,70,0.8528995033623239,8.383927098737754,0.754230688517661,0.14218452778870572,-0.11317453912823594,13.0
7,Poisson,0.05,3,6,136,0.8768764206073714,8.343731104756431,0.7754338041613814,0.15039024993219297,0.05425731250290555,20.6
11,Tweedie:variance_power=1.5,0.03,1,6,150,0.914314262632564,7.657912228815711,0.8085405995762698,0.2843187203327202,0.1360965582411171,14.1
9,Tweedie:variance_power=1.5,0.1,10,4,44,0.9143534257925124,7.76239064794884,0.8085752320939065,0.264657141666669,0.047049132468696575,6.9
6,Poisson,0.1,10,4,167,0.9249369122664739,8.299899115694663,0.8179343538411991,0.15929328586023905,0.13520394564339488,19.3
8,Poisson,0.03,1,6,184,0.9566929942539044,8.19768094603131,0.8460166911946398,0.17987337414145566,0.17653753966964625,29.0
0,RMSE,0.1,10,4,156,0.983649728517368,8.189646159219082,0.869854899756807,0.18148024646046135,0.05782764088658299,8.3
1,RMSE,0.05,3,6,109,1.0295280320648883,7.7955489145638195,0.9104257106627299,0.2583614596000732,0.16471077267376932,12.1
2,RMSE,0.03,1,6,70,1.0862923319415365,7.767973699228353,0.9606231569156674,0.2635989796945266,0.15336236043544305,10.1
