Nhóm hàng,so_luong_thuc,so_luong_du_bao,MAE,WAPE,WAPE_MA7
Điện thoại,24577.0,24020.34429406525,3.2754152549149067,0.5329529887457668,0.5587860892007045
Phụ kiện,19610.0,18415.233403799746,2.421521741906795,0.49764062314555757,0.5070153711663145
Hcare (bảo hành),12288.0,12537.823493684999,1.6799594604611163,0.5467250880846358,0.5515950520833334
Tai nghe,3663.0,3712.863615139997,0.7706795723220787,0.8413725388250048,0.8445848445848446
Màn hình,2473.0,2420.4881933299366,0.591503766682683,0.9564996210934288,0.9395759921437236
Máy tính bảng,2343.0,2336.0858428388538,0.6569434070333579,1.1299538755204575,1.112432168770197
Đồng hồ,2211.0,2426.4660990853913,0.5882322914024418,1.0639262475433582,1.0196420494927958
Laptop,1516.0,1612.4686907127075,0.4846746742109374,1.2785052916685613,1.257538635506973
Linh kiện,1059.0,1087.2708468863598,0.3726278381932096,1.2544081616230331,1.1821125050586807
Nhà mạng,1049.0,1242.9040827026129,0.3535909107096451,1.3061628017158005,1.1907939534250307
Sim thẻ,945.0,947.1844916029842,0.3753535513660493,1.3667635664027256,1.2816326530612245
Smarthome,571.0,784.5601229164461,0.2638835195564716,1.5042747043017777,1.3172379284463347
Camera/mạng,539.0,747.3125590697441,0.25681209366307023,1.8758241423961177,1.5830903790087463
KHAC001,328.0,521.6106833880257,0.24125281315048583,1.778503970115472,1.3797909407665505
Loa,313.0,508.6299492017581,0.17774896200161275,2.1477526335146946,1.5997261524418072
Điện tử (TV),217.0,419.4538140639232,0.14864146656517876,1.9960425510181148,1.196840026333114
Khuyến mãi,147.0,334.03898908766666,0.2702439171688805,3.1914519741848744,1.9523809523809523
Phần mềm,126.0,283.279081262627,0.13933784510649933,2.948211865507359,1.7551020408163267
Sửa chữa BH,92.0,105.67688320575259,0.91853176327378,0.9285158041789299,0.8788819875776398
Linh kiện máy tính,52.0,173.06788631502553,0.10755535711765124,4.167770088308986,1.8763736263736261
Điện lạnh,36.0,65.10033517736925,0.22305879991700658,2.497019343515379,1.7222222222222223
Gia dụng,26.0,63.52999952553655,0.12866552647085286,2.301133454190253,1.2582417582417582
THI001,15.0,50.320723724241915,0.11445440431277173,4.0211647381887135,1.8571428571428572
