id,n_estimators,min_samples_leaf,max_features,max_depth,criterion,MAE,RMSE,WAPE,R2,Bias,giây
10,300,20,sqrt,8.0,squared_error,0.867730312016321,7.806481785565899,0.767345775322473,0.25627977830152504,0.18155470179705113,2.2
0,300,20,sqrt,8.0,poisson,0.8723133471788529,7.753064865032019,0.7713986159590427,0.26642297097553524,0.20298418073427782,2.0
6,300,20,sqrt,24.0,poisson,0.8791696650463883,7.756708985793594,0.7774617515635787,0.26573321239064507,0.22373016939378942,2.9
9,150,10,sqrt,24.0,squared_error,0.8999145636505417,7.8490553700133745,0.7958067489469256,0.24814572378854882,0.24502549638549342,1.7
5,150,5,sqrt,16.0,squared_error,0.9244626842568876,7.968919259681597,0.8175149875304266,0.22500706776197477,0.27501981582521573,1.7
8,150,10,0.8,12.0,poisson,0.9743953695646376,8.062057150132496,0.8616711436434653,0.20678552012738238,0.30372145874014933,3.0
7,150,5,0.5,16.0,squared_error,0.9771865897152588,8.122619204735997,0.8641394577739205,0.19482352810901205,0.33249462022663856,2.6
1,150,1,sqrt,16.0,poisson,0.99505373532106,8.132610857377434,0.8799396188468059,0.19284141087991258,0.37543305872473587,1.7
3,150,1,0.5,8.0,poisson,0.9996808155150315,8.60311806513617,0.884031409106699,0.09674441700584258,0.3452981779187039,1.8
11,300,1,sqrt,,poisson,1.0016587390865543,8.183934642449177,0.8857805139558681,0.1826215312053191,0.3822987242253917,4.0
2,300,3,1.0,8.0,squared_error,1.0086947732999723,8.501108533858165,0.8920025751814867,0.11803772236295473,0.33410458598399684,5.2
4,300,3,0.5,16.0,squared_error,1.0138506563348808,8.335712082920214,0.8965619930214611,0.15202255689486854,0.37631264013956156,4.7
