id,objective,metric,reg_lambda,num_leaves,min_child_samples,learning_rate,so_vong,MAE,RMSE,WAPE,R2,Bias,giay,tweedie_variance_power
5,regression_l1,l1,3,31,100,0.03,153,0.7414223723756257,8.54286273840543,0.6556499378821986,0.10935272088743242,-0.25743369403929417,1.5,
3,regression_l1,l1,1,31,20,0.05,79,0.7440125512420036,8.432696598345123,0.6579404684571029,0.1321756359890479,-0.20126265328515436,0.9,
4,regression_l1,l1,1,15,20,0.03,154,0.7512663367350798,8.60230290996133,0.6643550901156152,0.09691557787444582,-0.2736391192832077,1.1,
10,tweedie,tweedie,1,15,20,0.03,58,0.8772288716082378,8.55794639328569,0.775745481398857,0.10620481213320454,-0.13368231286266552,1.1,1.5
9,tweedie,tweedie,1,31,20,0.05,29,0.903716985765072,8.65006365216235,0.7991692827954869,0.08685973143360393,-0.18042502796788562,0.8,1.5
11,tweedie,tweedie,3,31,100,0.03,48,0.9065889814812359,8.661304528080871,0.801709027862617,0.08448491286696924,-0.1862734691108684,2.4,1.5
2,regression,l2,3,31,100,0.03,280,0.9254445551587251,7.825223219561709,0.8183832693894368,0.25270451478664924,0.23986974824820684,3.0,
1,regression,l2,1,15,20,0.03,53,0.9700191047947468,7.97176486487918,0.8578011528913098,0.22445348763611095,0.16322810645606411,0.8,
0,regression,l2,1,31,20,0.05,25,0.9864029858431086,7.992807111995826,0.8722896428423326,0.220353823445968,0.1620658385031588,0.6,
8,poisson,poisson,3,31,100,0.03,119,0.9907072434987432,7.970393781733553,0.8760959567191359,0.22472024094022125,0.24970064210888654,1.9,
7,poisson,poisson,1,15,20,0.03,152,1.0241141556682432,8.772396970501115,0.9056381457666386,0.06084896576469023,0.2883338796617638,2.6,
6,poisson,poisson,1,31,20,0.05,115,1.110410798737954,14.191203656509003,0.9819514467624074,-1.4577480140161256,0.3552406650829576,3.7,
